id,family,scenario,status,translation,alternative_comparison,evidence,sources
W001,Everyday use,Open an app without organising anything,Works,"General, no Project, launcher or Overview; window joins available tiles.",Keep this zero-setup route. Neutral for one app; potentially more overhead than a plain taskbar.,P01;P04;N01,S01;S02
W002,Everyday use,Switch rapidly among favourite apps,Works,Numbered hotbar focuses or parks its single demo window.,Stable slots and visible numbers are promising; benchmark against taskbar shortcuts before calling it faster.,P04,S01
W003,Everyday use,Temporarily consult a calculator or dictionary,Partial,Open a small window then park it; catalog Calculator is a launch toast.,An ephemeral window should leave no Project or Mode behind. Current demo is worse than a real calculator.,N02;C01,S08
W004,Everyday use,Keep music playing while doing other work,Works,Overview media controls share player state across Workspaces.,Good fit for a global service; a local player window need not appear everywhere. Real playback remains simulated.,N10;P05,S05;S18
W005,Everyday use,Answer a message and immediately return,Native,Use a notification action or a small temporary chat window.,Inline replies would reduce disruption. Native notification/app actions are required; current demo cannot do this.,C02,S18;S20
W006,Everyday use,Switch an entire work context,Works,"Workspace restores its Areas, active Project and windows.",Likely favourable for recurring school/work contexts; a full Workspace is excessive for every short interruption.,P05;N09,S03;S04;S05
W007,Everyday use,Find a known application by typing,Works,"Super/Overview, type, choose result; browser uses fallback shortcuts.",Comparable to existing launchers. Discoverability comes from combining results rather than inventing another shortcut.,P04,S08
W008,Everyday use,Find an unfamiliar app by category,Works,Overview offers thirteen categories and recognisable app icons.,Useful for exploration; keyboard search usually needs fewer steps once the name is known.,P04;C01,S08
W009,Everyday use,Recover a parked window quickly,Works,Live card and its matching hotbar number restore the window.,Potentially better than icon-only minimisation; many rich cards can make scanning slower. Offer a dense list as well.,P03;P04,S07;S27
W010,Everyday use,Open an app already running,Partial,Launcher focuses its existing frame; hotbar can park it.,Separate Focus from New window. Current singleton model is worse whenever the user needs another document instance.,N01;C01,S06;S14
W011,Files and resources,Copy between two folders,Native,"Dolphin shape is present, but no real copy and no second instance.",Keep native split view or two file windows. Project resources supplement file management; they cannot replace it.,N01;C02,S09
W012,Files and resources,Drag a file into another app,Native,No real file payload or receiving application exists.,Preserve normal OS drag-and-drop and a keyboard file-picker route; Areas must not intercept a file drag as a window drag.,C02,S09;S10
W013,Files and resources,"Rename, move and organise batches of files",Native,Demonstration file rows do not implement batch operations.,Use native file manager; no advantage follows from Projects alone. Current demo is substantially less capable.,C02,S09
W014,Files and resources,Trash and restore an accidentally deleted file,Native,Move to Trash removes a demo row; no actual trash/recovery workflow.,Real undo and Trash are essential. Removing a Project link must be distinct from deleting the source file.,C02;N07,S09;S22
W015,Files and resources,Open or save a file from any application,Native,"Workspace Home and Project folder are displayed, not OS dialog defaults.","Offer Current Project, Workspace Home and Recent in native dialogs; preserve access to all other folders.",C02,S10
W016,Files and resources,Associate a video stored outside the Project,Partial,Add an absolute path as a resource with its original location.,"Favourable organisation without copies; existence, availability, rename tracking and launch still need a file service.",N06;P06,S11;S12
W017,Files and resources,Reuse one source in several Projects,Partial,Each Project can hold a reference to the same path.,Like collection membership rather than duplication. Show provenance and shared ownership; unlink must not delete.,C03;N06,S11;S12
W018,Files and resources,Search a Project note or resource,Works,"Overview indexes Project names, paths, Modes, resource labels and quick notes.","Favourable context retrieval; this is metadata/quick-note search, not a general filesystem index.",N04;P04,S08
W019,Files and resources,Find text inside a personal note or arbitrary PDF,Gap,Personal Notes test phrase has no local result; real PDF contents are not indexed.,Add scoped content search and previews. Current demo is worse than a native indexed search service.,N03;C02,S08
W020,Files and resources,Remove a reference and keep it removed,Gap,"Remove link removes its DOM row, but reload restores it from saved Project data.","Persist the resource mutation and add Undo. This is a reproduced implementation bug, not a philosophical tradeoff.",N07;C03,S11
W021,Windows and attention,Arrange reference and editor side by side,Works,Bounded split tiling fits between fixed Areas.,Likely favourable for repeated comparison; preserve minimum usable sizes and explicit split control.,P02;A01,S02;S07
W022,Windows and attention,Compare two documents from the same app,Gap,Only one frame per app; tabs do not supply two independent OS windows.,Window-instance identity and a New window action are prerequisites. Current demo is worse than conventional desktops.,N01;C01,S06;S14
W023,Windows and attention,Open another app when space is tight,Works,Engine fits usable tiles or parks a peer into Apps.,Potentially better than unusably tiny tiles; worse if the reference being consulted disappears unexpectedly. Show why and allow undo.,P02;A01,S02
W024,Windows and attention,Resize a split without moving Areas,Works,Shared divider redistributes bounded space; Areas remain fixed.,Good predictable default. Manual resizing must not silently reshuffle the user's chosen work context.,P09;A01,S02;S07
W025,Windows and attention,Float a small utility over the work,Works,Float context action or middle/Alt drag detaches at a sensible size.,Helpful for temporary tools; new tiles avoid it. Keyboard placement and a non-drag positioning control are still missing.,P09;A01;C04,S07;S24
W026,Windows and attention,Keep a floating reference always available,Partial,Floating obstacles are avoided; there is no complete explicit pin/always-on-top policy.,"Add optional pin and scope, not compulsory floating. Compare a native always-on-top tool for precision.",P09;A01;C04,S07
W027,Windows and attention,Enlarge an app but keep Areas visible,Works,Maximise between Areas; peers park and can return.,"A strong fit for alternating focus and context, subject to understandable restore behaviour.",P08;A01,S01;S02
W028,Windows and attention,Use actual fullscreen for game or media,Works,True fullscreen borrows Area space and parks obscured peers.,Preserve standard fullscreen expectations. Real exclusive rendering and app-specific minimisation side effects are not tested.,P08;A01,S01;S23
W029,Windows and attention,Manage twenty or more windows,Gap,Five singleton app frames cannot represent this workload.,"Use per-window cards plus grouping/filtering, optional dense views and overflow beyond nine hotbar slots. Current scalability is unproven.",C01,S06;S07
W030,Windows and attention,"Handle dialogs, tool palettes and child windows",Partial,Demo editors/modals isolate background and return focus; real app window relationships are absent.,"Treat a modal or transient as belonging to its parent, not a new tile or separate task. Needed for native compatibility.",P07;A01;C02,S25
W031,Workspaces and Projects,Switch School to Work without losing layout,Works,"Independent Area positions, windows and selected Project restore.",Likely favourable for repeated contexts. A simpler arrangement switch may be enough when folder/account defaults need not change.,P05;N09,S05;S03
W032,Workspaces and Projects,Use ordinary files with no active Project,Works,General supports a normal Home and app window; Project Area can be absent.,Essential for casual use and initial learning; never require naming a Project before saving or opening a file.,P01;C03,S09
W033,Workspaces and Projects,Create a Project in any existing folder,Works,Project editor accepts a custom root and illustrates an editable dotfile.,"Good fit; actual dotfile creation and folder permissions are native work, not implemented by the editor.",P06;C03,S13
W034,Workspaces and Projects,"Alternate research, design and build in one Project",Works,Project Modes retain different app/window arrangements and shared resources.,Likely favourable for multi-tool phases. Do not duplicate app-internal layouts or imply modes stop background work.,P06;A01,S13;S14
W035,Workspaces and Projects,Pause one Project and resume it later,Works,Close Project parks its saved session; reopen from Overview.,"Promising compared with reconstructing windows; current restoration is demo state, not real documents or processes.",P06,S03;S04
W036,Workspaces and Projects,Work on two Projects simultaneously,Gap,One active Project per Workspace; no two concurrent Project Areas.,Keep one focused Project but allow reference windows linked to another; use another Workspace only when genuine context separation is needed.,C03,S13
W037,Workspaces and Projects,Open the same Project from another Workspace,Partial,Project definition is shared; active Project/Mode is Workspace scoped.,"Useful reuse; make ownership of notes, mode definitions and live window sessions explicit to avoid mistaken copies.",P05;C03,S11;S13
W038,Workspaces and Projects,Keep a shared chat or music tool across contexts,Partial,"Music state is global, but no general user-selectable window scope exists.","Offer This Mode, This Workspace or All Workspaces. One service with several views is preferable to duplicated processes.",N10;C03,S04;S05;S07
W039,Workspaces and Projects,Reuse a virtual-desktop workflow without virtual desktops,Partial,Projects/Modes can represent task arrangements; Workspaces represent broader contexts.,"Translate by intent, not desktop number. Add a lightweight temporary arrangement for unrelated short tasks; new Homes for each old desktop would be worse.",P05;P06;C03,S05;S07;S28
W040,Workspaces and Projects,Send a Project or Workspace to a colleague,Native,"Pack/Import are preview dialogs, not a usable transfer pipeline.","Choose template, references or bundled files; preview missing apps, permissions and secrets. Packaging is not backup or process migration.",P07;C02,S13;S22
W041,"Research, school and office",Read a source while taking notes,Works,"School scene places reading, Project quick note and reference resources together.",Likely favourable contextual visibility; real reader/note integration still needs native apps.,P05;N04,S11
W042,"Research, school and office",Write a paper with citations and source PDFs,Native,Project links organise sources; Writer/real PDF reader do not run.,Keep Zotero and editor functionality; Projects provide a shared launch/context layer rather than another citation database.,C01;C02,S11
W043,"Research, school and office",Compare spreadsheets and prepare a report,Native,Calc is a toast; independent spreadsheet windows are absent.,Two usable document instances and internal app splits are needed. Areas should rail when the sheet needs width.,N02;C01,S02;S06
W044,"Research, school and office",Attend a class while reading and taking notes,Native,"The arrangement is expressible, but there is no call/media capture app.","Permit pinned class audio/video and a small status card; actual meeting app decides capture, mute and background behaviour.",C02,S18;S20
W045,"Research, school and office",Return to several courses with different material,Works,School Workspace plus one Project per course and Modes per activity.,Good fit if Projects are quick to open; switching context should not reset a live lecture or shared timer.,P05;P06;N10,S05;S11
W046,"Research, school and office",Capture an idea unrelated to the current task,Partial,Personal Notes and Project quick note are separate; no automatic classification is needed.,"Default quick capture to an Inbox, then explicitly attach later. Automatically saving into the active Project risks misfiling.",P03;N03,S08
W047,"Research, school and office",Review or annotate a document on a tablet,Native,Desktop shape exists but no pen/annotation workflow or hardware test.,Use a touch/pen-aware app; replace middle-button operations with visible commands and maintain undo.,C02;C04,S06;S24
W048,"Research, school and office",Track deadlines while concentrating on one document,Partial,Calendar/timer/notification widgets remain visible or accessible on a rail.,Promising peripheral awareness; a real calendar and scoped priority rules matter more than visual styling.,P11;P12,S20
W049,"Research, school and office",Prepare slides with a presenter view,Native,"Fullscreen/display allocation is demonstrated, not presenter routing.",Choose audience display explicitly; keep notes private. An unused display is not necessarily safe for Areas.,P08;P10;C02,S19;S20
W050,"Research, school and office","Print, scan, sign and submit documents",Native,"No print queue, scanner, signing or upload integration.","Retain native application/service flows. A System job widget may improve progress visibility, but cannot replace them.",C02,S10
W051,Development and creative work,"Use editor, terminal, docs and preview together",Works,Work Build scene demonstrates the arrangement and shared simulated terminal handler.,"Strong conceptual fit, while real compiling/debugging still needs native applications.",P05;P11;A01,S13
W052,Development and creative work,Use several repositories in one task,Partial,"One Project root plus linked resources can express references, not multi-root app semantics.",Let the editor own multi-root build/debug scope; Project may launch its workspace file. Do not equate desktop Workspace with IDE workspace.,C03,S13
W053,Development and creative work,Keep several terminal sessions and remote shells,Gap,Only one Konsole frame with a simulated command parser.,"Native tabs/splits or multiple sessions must preserve process identity, cwd and remote target. Current demo cannot represent real sessions.",C01;C02,S07;S13
W054,Development and creative work,Run a long compile or render while changing Mode,Native,"Mode layouts switch, but no real background process or completion job exists.",Parking must preserve execution; publish progress/errors in a scoped live card. Layout change must not cancel a job.,C02;C03,S13;S14
W055,Development and creative work,Model then texture the same 3D asset,Native,Project Modes organise external apps; Blender launch is a toast.,Desktop Modes arrange tools around Blender; Blender's own workspaces control its editors. Connect these only through explicit app integration.,N02;C01,S14
W056,Development and creative work,"Edit video with timeline, preview and files",Native,"Short Film modes/resources illustrate the concept, not Kdenlive operation.",Large usable canvas takes priority; rail secondary Areas and park low-priority tools. Native app minimums should guide placement.,C02;A01,S02;S14
W057,Development and creative work,Paint with tool palettes and a reference image,Native,No actual Krita or palettes; floating obstacle mechanism is available.,Keep palette-parent relationships and pen access; avoid parking a required reference merely to fit a new app.,P09;C02,S14;S24
W058,Development and creative work,Debug a browser plus local server and logs,Native,Work scene simulates terminal/preview; no browser devtools or server process.,"Treat devtools as application-owned unless undocked; remember URLs and process configuration through adapters, not screenshot geometry.",C02,S13
W059,Development and creative work,Review output without altering the editing session,Partial,Review Mode can retain a separate window arrangement.,Favourable if editing process/document identity persists; do not reload unsaved documents when switching arrangements.,P06;C03,S03;S14
W060,Development and creative work,Automate batch exports or repetitive file transforms,Native,No automation engine or file-processing integration.,"Use app scripts or OS automation; expose trusted named actions and job status in Project, with permissions separate from appearance.",C02,S21
W061,Communication and media,See an incoming notification without a second popup,Works,Expanded System Area shows inline notifications; rail/hidden state uses a discreet peek.,Potentially better attention locality; visible Area does not guarantee the person noticed it. Offer history and per-source priorities.,P12;C05,S20
W062,Communication and media,Mute distractions during a meeting or recording,Native,Focus/timer interaction exists; real source filtering and capture privacy are absent.,"A Presentation/Focus policy should suppress previews and glow, while explicitly allowing urgent events. Current state is not sufficient.",P11;C02,S19;S20
W063,Communication and media,Reply or take action from a notification,Native,Prototype notification actions are mostly dismiss; no real reply integration.,Use app-provided actions; keep original message provenance and access controls. Neutral until native integration.,C02,S18;S20
W064,Communication and media,Control media without restoring its window,Works,Elisa live card supports playback controls and position.,"A clear potential advantage over an icon-only taskbar; compare existing OS media controls, not an artificially empty baseline.",P11;N10,S18
W065,Communication and media,Keep a video in picture-in-picture while reading,Native,"A floating app demonstrates placement, not a real video surface.","PiP needs lightweight content, audio and controls rather than shrinking a complete app. This parallels live-card philosophy.",P09;C02,S15
W066,Communication and media,Share just one app instead of the whole desktop,Native,No native screen-sharing portal or real application capture.,"Offer explicit Window, Display and Project sharing choices; a full-display capture can include Areas or Overview.",C02,S19
W067,Communication and media,Record the screen or take a screenshot,Native,Catalog Spectacle/OBS entries are toasts; browser automation screenshots are external tests.,Integrate native capture with clear preview and privacy redaction; do not count a test screenshot as a product feature.,C01;C02,S19;S26
W068,Communication and media,Keep a call connected while changing Workspace,Native,Window context switching works; no actual call service is present.,"Default call/audio session to global service, with Workspace-local views. Otherwise context switching would unexpectedly hide essential controls.",N10;C03,S05
W069,Communication and media,"Gather, sort and paste snippets",Native,"Project/Workspace clipboard is advertised, but Copy reference does not update the clipboard.","Need real history, scope switching and an explicit transfer route; OS Ctrl+C/Ctrl+V must remain predictable. Current demo is worse.",N08;C02,S01;S37
W070,Communication and media,Continue a task from phone to desktop,Native,"Phone status/ping is simulated, not task transfer.",Transfer link/document/task handle rather than window pixels; surface in the matching Project or a neutral Inbox.,C02,S18;S16
W071,"Devices, gaming and display space",Game fullscreen with music/chat on another monitor,Partial,Fullscreen moves Areas when spare display capacity permits; media state remains controllable.,"Potentially favourable; app-specific minimisation, game capture and real compositor behaviour remain untested.",P08;P10;N10,S19;S23
W072,"Devices, gaming and display space",Play while downloading or updating in background,Native,No download queue or real network/process management.,Let the app own bandwidth policy; System jobs can show progress. Being parked must not imply an app is stopped.,C02,S23
W073,"Devices, gaming and display space",Open a manual or guide while playing,Partial,Float or second-display reference arrangement is possible.,Useful outside exclusive fullscreen; a game overlay has different capture/input constraints. Do not promise browser float is an in-game overlay.,P09;P10,S19;S23
W074,"Devices, gaming and display space",Use a small laptop on a desk or train,Partial,Engine has narrow-space tests; browser readability at those sizes is unverified.,"Use rails, one useful app and quick access; make Project optional. A large default set of Areas can be worse than a simple maximised app.",A01;C04,S02;S29
W075,"Devices, gaming and display space",Use a very wide ultrawide display,Partial,"Engine stress includes 3440/5120 bounds, not matching viewport visual tests.",Control tile proportions and maximum reading width; do not stretch every widget merely to fill space.,A01,S02
W076,"Devices, gaming and display space",Extend across two monitors without duplicating windows,Works,Same-origin/profile second tab uses display assignment and shared state.,"Model translates; real monitor discovery, scaling and independent pointer edges require native compositor integration.",P10;A01,S02;S07
W077,"Devices, gaming and display space",Keep a fixed reference screen while switching work,Gap,Workspace session is global; no user-facing independent/pinned Workspace per display.,Offer a pinned reference surface or global window scope before inventing extra virtual desktops. Current layout lacks this choice.,C03,S30;S04
W078,"Devices, gaming and display space",Undock a laptop and recover windows,Partial,Closing the second test tab recovers single-display arrangement.,"Preserve remembered external-display placement, offer restore on reconnect, and test physical unplug plus fractional scaling.",P10;A01,S02
W079,"Devices, gaming and display space",Use a projector that should show only the presentation,Native,"Display allocation considers space, not audience/privacy roles.","Audience flag must prevent automatic Area relocation onto the projector. This is a design requirement, not just native wiring.",C02;C03,S19;S20
W080,"Devices, gaming and display space","Use a phone/tablet with mouse, keyboard and external display",Native,Desktop has no validated touch/docked-device adaptation.,Saved app pairs and tablet windows suggest simpler layouts; every middle-drag action needs a discoverable alternative.,C04,S06;S15;S24;S35
W081,Accessibility and input,Launch and switch apps with keyboard only,Works,Overview keyboard navigation and Alt hotbar fallback are tested.,Good start; native Super routing and large-window lists still need work. Not a full keyboard-accessibility certification.,P04,S26
W082,Accessibility and input,Move or resize a docked Area without dragging,Gap,Area resize button accepts focus but ArrowLeft leaves its width unchanged; edge/reset menu is available.,"Add click/keyboard size presets or numeric sizing, and directional dock commands. Existing edge/reset access is only a partial alternative.",N05;C04,S24
W083,Accessibility and input,Precisely position a floating window with keyboard,Gap,Float/Grow/Shrink context actions exist; no complete coordinate/move mode is implemented.,Offer keyboard Move/Resize and click-based placement. Preserve normal tiled divider keyboard controls.,C04;A01,S24;S26
W084,Accessibility and input,Use a trackpad with no middle mouse button,Partial,Alt+drag and context Float provide alternatives.,Good conceptual fallback; teach it locally and avoid conflicts with application modifiers. Hardware path is not tested.,P09;A01,S24
W085,Accessibility and input,Use screen reader to understand changing window state,Partial,Many controls have names and modals have focus handling; no real screen-reader session was performed.,"Announce parking, active Project and display movement; expose ordered windows and restore focus meaningfully.",P07;A01;C04,S25
W086,Accessibility and input,Use high zoom or large text,Partial,"Tiling geometry is tested, not 200/400 percent content accessibility.","Reflow Areas and Overview, allow opaque accessibility theme and stable text sizes. Never infer compliance from engine bounds.",A01;C04,S29
W087,Accessibility and input,Use high contrast or colour-vision differences,Partial,"Light/dark/OLED/Auto and app accents exist, without formal contrast evaluation.","Always pair tint/light with labels, shapes and state text; offer less transparency and native cursor fallback.",P13;C04,S29
W088,Accessibility and input,"Reduce motion, flashing and attention effects",Partial,Reduced-motion styles exist; end-to-end preference coverage is unverified.,Suppress animated background/notification trails and cursor lights while retaining static state indicators. A cosmetic motion toggle is insufficient.,C04,S29
W089,Accessibility and input,"Use touch, stylus or eye-gaze input",Native,Browser demo has no hardware validation; drag-heavy manipulation remains.,"Larger targets, single-pointer alternatives and explicit context actions should preserve the model without relying on hover or middle click.",C04,S24
W090,Accessibility and input,Use a different keyboard layout or customised shortcuts,Partial,Browser fallback shortcuts work in tests; physical remapping and layouts are not validated.,"Make bindings remappable, expose the actual binding and distinguish launcher slot from window number.",P04;C04,S01;S26
W091,"Privacy, automation and recovery",Keep work and personal web accounts apart,Native,Workspace content/layout changes but no distinct browser profile or cookie jar exists.,"Bind app launch configuration to Workspace, with an explicit global exception. Home folders alone do not separate web identity.",C02;C03,S17
W092,"Privacy, automation and recovery",Share the computer with another real person,Native,"Workspaces are contexts within one user, not authenticated accounts.","Keep real OS users, guest sessions and locking. Current Workspace switching must never be presented as a security boundary.",C02,S17
W093,"Privacy, automation and recovery",Move a resource between Workspace Homes,Native,Locations are illustrative and mutually visible by design; no file move exists.,"Copy/move/link must be explicit with provenance, overwrite/conflict handling and Undo. Context separation is organisational.",C02;C03,S09
W094,"Privacy, automation and recovery",Use cloud or external-drive resources offline,Native,Stored paths remain visible; file availability or cloud download state is unknown.,Show offline/missing/moved states and reconnect actions; offer bundle or pin-offline before travel. A reference is not a local copy.,N06;C02,S31
W095,"Privacy, automation and recovery","Recover after crash, reload or storage failure",Partial,Notes/layout/session persistence and blocked-storage handling are tested in bounded cases.,Provide backup/migration and explicit degraded-storage notice; browser reload is not OS crash or unsaved-app recovery.,P03;P13;A01,S22
W096,"Privacy, automation and recovery",Restore a previous file version or layout,Native,No actual file version restore or user-visible general layout undo history.,Keep native file backups; add layout undo separately. Exported Project definitions do not protect every source file.,C02;C03,S22
W097,"Privacy, automation and recovery",Run a trusted routine or scheduled task,Native,Terminal parser is illustrative; no real scheduler or privileged execution.,"Use explicit app/OS automation hooks with permissions and job history, not an executable file hidden in a shared template.",C02,S21
W098,"Privacy, automation and recovery","Manage installation, permissions and device settings",Native,"Discover, partitions, settings and network controls do not affect the real OS.","Keep native trusted system dialogs; System Area is a front door, not a replacement for permission/security mechanisms.",C01;C02,S01
W099,"Privacy, automation and recovery",Continue long jobs through sleep and wake,Native,"Short timer start/pause was tested; long expiry, suspend and real job recovery were not.",Use deadline timestamps for timers and resumable job services; background throttling must not lose completion or duplicate alerts.,P11;C02,S22;S23
W100,"Privacy, automation and recovery",Edit the extended desktop simultaneously on both screens,Partial,Sequential cross-tab tests pass; one prior transient state reversal was not reproduced reliably.,"Use revisioned mutations, per-object ownership and disconnect reconciliation; a broadcast snapshot is not transactional sync.",P10;A01,S02
